1000738|DASHAUN|JONES|M|9-Oct-89
1496533|TYSON|FLAGLEXSIT|M|6-Jun-73
1416389|SIFAT|ABDULLAH|M|11-Jun-11
4050729|OLFE|TRICKLANDXSIT|F|1-May-70
4158795|PARLET|ANDERSONXSIT|M|7-Jun-71
1114610|PALKOWETZ|CAROLLXSIT|M|6-Jun-86
1114852|LETITIA|BURTONXSIT|F|29-Sep-11
3334524|HRABOVECKY|MYERSXSIT|F|6-Apr-75
1774178|BACHMAN|O-NEILLXSIT|M|1-May-85
2115580|GONZALES|KEDIKXSIT|M|1-Feb-80
4099611|DANIEL|BELISLEXSIT|F|2-Feb-09
3534300|MARY|CAMP|F|3-Aug-60
3743712|MARIA|VELEZ|F|13-Mar-65
3843512|CAROLYN|NEPHEW|F|1-Jun-65
3952388|TRACEY|MEZOURS|F|2-May-82
3411511|LISMERS|PADILLA|F|11-Mar-97
3264322|BRUBAKER|MCCOWANXSIT|M|12-Nov-79
1369799|COURTNE|MORINHO|F|26-Dec-90
2184277|LANGE|MAUPINXSIT|F|15-Feb-77
1060595|ABHINAY|NAYAKXSIT|M|12-Oct-80
3780300|LOUIS|JANKOS|M|12-Jul-57
3393603|BRENDALIS|FELICIANO|F|12-Apr-84
3667360|FRIEDERIKE|WEAVER|F|4-Oct-89
1000037|KANIFA|TURNER|F|15-Feb-88
1121714|GOBLE|DUDAXSIT|M|6-Jun-82
1349287|ASAAD|TURPINMCLEAN|F|14-Jan-10
1369799|COURTNE|MORINHO|F|26-Dec-90
2179555|BRADLEY|SMITHXSIT|F|23-Dec-07
3226960|JULIEA|NOLAN|F|30-Sep-85
3266151|NANCY|CELLARY|F|31-Mar-53
3303180|ORSOLYA|BERTY|F|2-May-57
3315652|CATALINA|RAMIREZ|F|28-Oct-88
3333045|KIKI|ERHARIEFE|F|21-Aug-82
3412435|LINDA|DORIAN|F|14-Mar-57
3594314|JONATAN|JIMENEZ|M|21-Feb-85
3870859|ALEXIS|RABIN|F|22-Nov-90
4055346|RICHARD|MORRIS|M|24-Apr-65
4165094|ERNEST|MOORE|M|14-Feb-48
4175637|ARLENE|WALL|F|6-Sep-56
4482487|TAMAR|HOWARD|M|3-Sep-74
500376|MELANIE|BROWNDORF|F|12-Oct-72
596121|SHIRLEE|CURRIE|F|2-Apr-66
602472|SENECCA|HOWARD|M|25-Aug-82
677143|CLEMENCIA|SOLIS MURIEL|F|16-Apr-42
777599|SALIHA|OBUT|F|15-Sep-56
824775|MAGGIE|WIXSON|F|4-Dec-48
901086|MAHMOOD|ELGAMEL|M|25-Nov-08
